train_pos,row,fold
0,1,3
1,2,4
2,4,2
3,6,0
4,7,3
5,8,0
6,10,1
7,11,0
8,12,3
9,13,0
10,14,1
11,16,3
12,17,2
13,18,4
14,19,3
15,20,1
16,21,1
17,23,0
18,24,1
19,26,1
20,27,4
21,28,4
22,29,1
23,32,3
24,34,0
25,35,0
26,36,3
27,37,3
28,38,2
29,40,2
30,41,1
31,43,1
32,44,3
33,47,0
34,48,4
35,49,2
36,50,3
37,51,1
38,52,2
39,53,4
40,54,3
41,58,3
42,59,0
43,60,4
44,61,3
45,62,0
46,63,0
47,64,3
48,65,4
49,66,4
50,67,4
51,68,2
52,69,4
53,70,4
54,71,4
55,74,1
56,75,1
57,79,0
58,80,4
59,81,1
60,83,0
61,85,3
62,86,3
63,87,0
64,88,3
65,89,2
66,91,1
67,92,1
68,95,1
69,96,1
70,97,3
71,98,4
72,99,1
73,100,1
74,102,2
75,103,0
76,104,0
77,105,0
78,106,0
79,107,1
80,109,4
81,111,3
82,112,0
83,115,2
84,117,0
85,118,2
86,119,2
87,120,4
88,121,4
89,122,3
90,123,0
91,125,4
92,126,1
93,127,1
94,128,0
95,129,2
96,130,1
97,131,1
98,133,3
99,134,4
100,135,3
101,136,1
102,138,4
103,139,3
104,142,1
105,143,4
106,144,4
107,146,2
108,147,1
109,148,1
110,149,3
111,151,0
112,152,2
113,153,1
114,154,0
115,156,2
116,158,0
117,159,2
118,160,1
119,161,0
120,162,2
121,164,4
122,166,3
123,168,3
124,169,1
125,170,2
126,171,0
127,172,2
128,174,3
129,175,2
130,177,4
131,178,2
132,179,0
133,180,2
134,182,4
135,183,3
136,184,3
137,185,1
138,186,3
139,187,0
140,188,2
141,189,3
142,190,2
143,191,1
144,193,0
145,194,2
146,196,0
147,197,0
148,198,1
149,199,4
150,200,3
151,201,4
152,202,0
153,204,3
154,205,0
155,206,0
156,207,3
157,209,2
158,210,2
159,211,2
160,212,4
161,213,4
162,214,3
163,215,0
164,216,1
165,217,1
166,218,4
167,219,2
168,220,2
169,221,4
170,222,2
171,223,3
172,224,0
173,225,2
174,226,4
175,227,1
176,228,0
177,229,0
178,230,2
179,231,0
180,232,0
181,234,1
182,235,2
183,236,0
184,237,2
185,238,2
186,240,2
187,241,4
188,242,4
189,243,4
190,244,4
191,245,4
192,248,3
193,249,2
194,250,2
195,251,2
196,252,1
197,254,0
198,256,1
199,257,2
200,258,3
201,259,4
202,260,0
203,261,0
204,262,0
205,263,4
206,264,0
207,265,3
208,266,2
209,267,2
210,269,1
211,270,1
212,271,3
213,272,2
214,273,4
215,276,3
216,277,3
217,278,4
218,279,0
219,280,3
220,281,1
221,282,3
222,283,0
223,284,3
224,285,0
225,286,2
226,288,2
227,290,2
228,291,1
229,292,3
230,293,2
231,295,0
232,296,1
233,297,2
234,298,0
235,299,4
236,300,3
237,301,3
238,303,0
239,304,3
240,306,2
241,307,4
242,308,0
243,309,4
244,310,1
245,311,1
246,312,2
247,313,1
248,314,4
249,315,3
250,316,1
251,317,4
252,318,4
253,319,1
254,320,1
255,321,1
256,322,0
257,323,4
258,324,3
259,325,4
260,326,2
261,327,1
262,328,2
263,329,4
264,330,4
265,331,2
266,333,1
267,334,3
268,335,2
269,336,3
270,337,4
271,338,2
272,339,3
273,340,4
274,341,3
275,342,0
276,343,4
277,344,2
278,346,0
279,347,0
280,348,3
281,349,3
282,350,1
283,352,1
284,354,2
285,355,3
286,356,4
287,357,0
288,358,3
289,359,2
290,360,2
291,363,0
292,364,0
293,365,4
294,366,0
295,367,1
296,368,3
297,370,1
298,371,1
299,372,2
300,373,0
301,375,4
302,376,2
303,377,1
304,378,3
305,380,4
306,381,1
307,382,3
308,384,4
309,385,1
310,386,3
311,389,1
312,390,4
313,391,4
