alpha,lambda_equiv,cylinders,displacement,horsepower,weight,acceleration,model_year
1.0E-4,0.031400000000000004,-0.1933850793250666,0.07717352148407787,-0.0900512187908444,-5.511095345406394,0.16484680054384984,2.750604104551086
1.215474250076286E-4,0.03816589145239538,-0.1934434351617315,0.07635319133634666,-0.0906107309576286,-5.509856229914186,0.16452884768777823,2.750456137055466
1.4773776525985112E-4,0.04638965829159325,-0.19351471036781862,0.07535734439768377,-0.09129024812695778,-5.508351327417058,0.16414276511781167,2.7502763881759216
1.7957144943716409E-4,0.056385435123269524,-0.19360185179942258,0.07414875087498239,-0.09211536407411187,-5.506523942831012,0.16367405367099533,2.750058058227413
2.1826447283974872E-4,0.0685350444716811,-0.1937085177700101,0.07268243724537649,-0.09311706200033601,-5.504305437192248,0.16310517576467592,2.7497929052972334
2.652948464431895E-4,0.0833025817831615,-0.19383926679697056,0.07090414810430079,-0.09433281656309138,-5.501612782445216,0.16241494113296698,2.749470945295048
3.2245905452963947E-4,0.10125214312230679,-0.19399980310652803,0.06874853692622049,-0.09580790555270201,-5.498345649322045,0.1615777791077005,2.7490800924286507
3.919406774847221E-4,0.12306937273020274,-0.19419729816279482,0.06613705464468235,-0.09759696348380689,-5.494382955306824,0.16056288170653085,2.7486057296010737
4.7639380104013405E-4,0.14958765352660208,-0.19444081450615244,0.06297551015804762,-0.09976581045413474,-5.489578796325704,0.159333202313539,2.7480301970111967
5.790443980602483E-4,0.18181994099091797,-0.19474186771959076,0.05915128800608031,-0.10239358836595634,-5.48375768702935,0.1578442970540264,2.747332186217526
7.038135554931555E-4,0.2209974564248508,-0.19511517514774454,0.054530228492620854,-0.10557523144707312,-5.476709043399059,0.1560430011236511,2.746486026314239
8.554672535565685E-4,0.2686167176167625,-0.19557965691211252,0.04895320838958274,-0.10942428667965946,-5.468180862292528,0.15386594181925306,2.7454608489969523
0.00103979841848149,0.3264967034031878,-0.19615977659870643,0.042232511080031516,-0.11407607903508775,-5.45787259152177,0.15123790588461095,2.744219620629678
0.0012638482029342971,0.3968483357213693,-0.19688733621459634,0.034148149602172585,-0.11969118190563134,-5.445427249240982,0.14807010376029686,2.7427180326022755
0.0015361749466718281,0.48235893325495405,-0.19780387223067594,0.02444441105467135,-0.12645909897235313,-5.4304229531762545,0.14425841089713543,2.7409032471216843
0.0018671810912919207,0.5862948626656631,-0.19896383456279934,0.012827032000112613,-0.1346019825705672,-5.412364170979435,0.13968172063855763,2.7387125051301724
0.0022695105366946685,0.7126263085221259,-0.20043876270704114,-0.001038405477692617,-0.1443780967438784,-5.390673216251806,0.13420061885151383,2.7360716174279154
0.002758531617629181,0.8661789279355628,-0.2023226919608501,-0.017526053064153783,-0.15608457159638137,-5.364682802824971,0.12765669161181897,2.7328933803714612
0.0033529241492495565,1.0528181828643608,-0.20473900844635104,-0.037046316025498315,-0.1700587821098506,-5.33363083915791,0.11987290592097968,2.729075984372165
0.004075392965871778,1.2796733912837384,-0.20784889398692374,-0.06003807060069105,-0.18667741827612308,-5.296659088219308,0.11065565695904897,2.7245015164201574
0.00495353520895917,1.5554100556131794,-0.2118613174488839,-0.08695521961798981,-0.20635200664749334,-5.25281780418583,0.0997992420419047,2.7190346945818398
0.006020894493336125,1.8905608709075432,-0.21704418445759566,-0.11824630593364194,-0.22951933322731016,-5.2010789144750635,0.08709367473382747,2.7125220071413554
0.007318242219076174,2.2979280567899187,-0.22373570023718783,-0.1543263099840119,-0.25662498016232493,-5.140360618133365,0.07233684460608236,2.70479145139351
0.008895134973108237,2.7930723815559864,-0.2323542054470591,-0.1955406261705217,-0.2880981543660809,-5.06956622946718,0.05535198463679971,2.6956530611066856
0.010811807510766078,3.394907558380549,-0.24340375692206492,-0.24212262084325398,-0.32431634722142255,-4.987639463097819,0.0360111293321557,2.684900356547848
0.013141473626117567,4.1264227186009155,-0.25747171322727846,-0.29414805629544183,-0.36555935956425756,-4.893636872260657,0.014264620536540347,2.672312724889084
0.01597312280060254,5.015560559389197,-0.2752138858619552,-0.3514917167934892,-0.41195408021026464,-4.786815627787815,-0.009824344624811555,2.657658527756397
0.019414919457438815,6.096284709635788,-0.29732292440780483,-0.41379321114253764,-0.46341420566522495,-4.666731281123905,-0.03604263537555949,2.640698444666577
0.02359833466782194,7.409877085696089,-0.3244770504077647,-0.48043937897439876,-0.5195825947630979,-4.533335976324528,-0.06399188864781791,2.6211882436858733
0.02868316813342012,9.006514793893919,-0.35726936564017975,-0.5505693071836066,-0.5797874123939991,-4.387063621139828,-0.09306101738720875,2.598879924052979
0.03486365227678084,10.947186814909184,-0.39612254201510844,-0.6231044732642578,-0.6430253085895479,-4.228886080346164,-0.12241359575890438,2.5735201485148056
0.04237587160604064,13.30602368429676,-0.44119883144746674,-0.6968016074584574,-0.7079839661579186,-4.060324930688636,-0.1509968787531724,2.54484523773703
0.05150678076168122,16.173129159167903,-0.4923194705266764,-0.7703209533904685,-0.7731111517055991,-3.883407710481899,-0.17757705776116608,2.512572839591219
0.06260516572014821,19.65802203612654,-0.5489090329523367,-0.8422994489455641,-0.836727929499242,-3.7005658410993267,-0.20080140997392876,2.476391670285806
0.07609496685459875,23.89381959234401,-0.6099780454404776,-0.9114181390560124,-0.8971719349258305,-3.5144819790580226,-0.21928309235875348,2.435952202683197
0.09249147277217336,29.042322450462436,-0.6741513356917133,-0.9764558448725014,-0.9529463350859019,-3.3279047475763863,-0.23169992060149958,2.390862412305029
0.11242100350620862,35.30019510094951,-0.7397414405503893,-1.0363254834670275,-1.0028455303559252,-3.1434555825538775,-0.23689608476568383,2.340693179919717
0.13664483492953258,42.90647816787323,-0.8048580208606877,-1.0900936388062974,-1.0460323443346726,-2.9634537577945887,-0.23397619260329036,2.2849973039143654
0.1660882782627715,52.15171937451025,-0.8675376935342968,-1.1369866140855507,-1.082052799609847,-2.7897813015520914,-0.22238385770975314,2.223344177552086
0.2018760254679039,63.38907199692182,-0.9258755294923325,-1.1763868608294283,-1.1107898217071237,-2.62380106194558,-0.20196070822010376,2.155369235950049
0.24537511066398168,77.04778474849024,-0.9781403043571554,-1.2078229790025607,-1.1323711694341556,-2.4663311952894507,-0.1729843176346972,2.0808337443343796
0.2982471286216891,93.64959838721039,-1.022860043002701,-1.2309554399905103,-1.1470553464518345,-2.317670362996451,-0.13618401475565,1.9996870433521226
0.36251170499885316,113.8286753696399,-1.0588712045281174,-1.2455596228009502,-1.1551206142957338,-2.1776616937793976,-0.0927320698095277,1.9121207908390905
0.44062364277735727,138.35582383209018,-1.085332251880015,-1.25150795524683,-1.1567776300617696,-2.045780880236912,-0.04420593568549,1.8186039250592068
0.5355666917706896,168.16794121599654,-1.101708636250604,-1.2487536909251524,-1.1521183608414531,-1.9212345161147308,0.007482909193515797,1.719888800475268
0.6509675230458171,204.40380223638655,-1.1077402230529618,-1.2373196310255055,-1.1411055434087622,-1.8030581022073435,0.06019501959258579,1.6169835161754207
0.7912342618981318,248.4475582360134,-1.1034034233864496,-1.2172953773806086,-1.1235999185410355,-1.690207698452141,0.11169953868966465,1.5110922642402493
0.9617248711152965,301.9816095302031,-1.0888788957335425,-1.1888460447182299,-1.0994175113505222,-1.5816434063372566,0.15982974203646877,1.4035328853676576
1.1689518164985777,367.0508703805534,-1.064532141673547,-1.1522335336795277,-1.0684062682402113,-1.4764053666663937,0.20264038582015792,1.2956463573075896
1.420830832533921,446.14088141565117,-1.0309093586061104,-1.1078485435208345,-1.0305299356010573,-1.3736830436377687,0.2385476013126386,1.1887145392587206
1.726983290659436,542.2727532670629,-0.9887454573707558,-1.0562479522351556,-0.9859467062141133,-1.272876461702957,0.26643428584178397,1.083899344531357
2.0991037201085545,659.1185681140861,-0.9389763317875022,-0.9981888893888353,-0.9350706471483782,-1.1736448897231913,0.28570945113806867,0.9822096451939041
2.5514065200312874,801.1416472898243,-0.8827445067518085,-0.9346489192587749,-0.8786054097841108,-1.0759358778357662,0.29631692672581555,0.8844941240801935
3.1011689265747755,973.7670429444795,-0.82138723681798,-0.8668223241557719,-0.8175426391306437,-0.9799871308287135,0.2986954802201595,0.7914518557743219
3.7693909753883634,1183.588766271946,-0.7563994261350623,-0.7960860830264928,-0.7531221928707775,-0.8862963334713946,0.2936979128291193,0.7036496500391758
4.581597669054491,1438.6216680831103,-0.6893698525293106,-0.7239353531172,-0.6867575066941393,-0.7955594522961972,0.2824808078438546,0.6215365652101801
5.568813990945267,1748.6075931568137,-0.6218964728968577,-0.6518955359285136,-0.6199360478569564,-0.7085847189379308,0.2663792872070372,0.5454503373303845
6.768750009458527,2125.3875029699775,-0.5554927559536461,-0.5814240728260114,-0.5541099296219216,-0.6261951929040881,0.2467820657960969,0.47561567812299527
8.227241341700473,2583.3537812939485,-0.49149992932292863,-0.513817874798299,-0.4905936330889254,-0.5491354189900353,0.2250208685277007,0.412138401748286
10.0,3140.0,-0.4310187858763615,-0.45014079545091884,-0.43048361790072504,-0.47799627401284045,0.20228482154788086,0.35500092720488835
