alpha,lambda_equiv,ridge_cv_rmse,lasso_cv_rmse
0.0001,0.031400000000000004,3.5850298537303993,3.5849999179078216
0.0001215474250076286,0.03816589145239538,3.58499076502066,3.5849541080735223
0.00014773776525985112,0.04638965829159325,3.584943397934394,3.584898443141691
0.00017957144943716409,0.056385435123269524,3.5848860369590922,3.5848308071085975
0.00021826447283974872,0.0685350444716811,3.584816629056263,3.5847486316151165
0.0002652948464431895,0.0833025817831615,3.5847327259025383,3.5846488001896297
0.00032245905452963947,0.10125214312230679,3.5846314205458727,3.584527532676628
0.0003919406774847221,0.12306937273020274,3.5845092803278553,3.5843802459726386
0.00047639380104013405,0.14958765352660208,3.584362279611773,3.584201386542826
0.0005790443980602483,0.18181994099091797,3.584185738398594,3.5839842294927506
0.0007038135554931555,0.2209974564248508,3.5839742766369103,3.5837206382536855
0.0008554672535565685,0.2686167176167625,3.583721799342312,3.5834007782644526
0.00103979841848149,0.3264967034031878,3.583421534999823,3.583012777504155
0.0012638482029342971,0.3968483357213693,3.583066159592442,3.582542326516808
0.0015361749466718281,0.48235893325495405,3.5826480513124297,3.5819722109496164
0.0018671810912919207,0.5862948626656631,3.5821597365281517,3.581281771034934
0.0022695105366946685,0.7126263085221259,3.581594605071744,3.5804462855655053
0.002758531617629181,0.8661789279355628,3.5809479901484345,3.5794362837941716
0.0033529241492495565,1.0528181828643608,3.580218720677832,3.578216798945733
0.004075392965871778,1.2796733912837384,3.579411254044639,3.576746594129313
0.00495353520895917,1.5554100556131794,3.5785384736764976,3.574977419129391
0.006020894493336125,1.8905608709075432,3.577625173836929,3.5728534005295907
0.007318242219076174,2.2979280567899187,3.576712138037793,3.570393979657089
0.008895134973108237,2.7930723815559864,3.575860537510157,3.5674529889769175
0.010811807510766078,3.394907558380549,3.575156138227114,3.563941695808245
0.013141473626117554,4.126422718600912,3.574712544740904,3.559987178402366
0.01597312280060254,5.015560559389197,3.5746725034969113,3.5561681400263767
0.019414919457438815,6.096284709635788,3.575206254886822,3.553364700862198
0.02359833466782194,7.409877085696089,3.576506195486201,3.5512851478795953
0.02868316813342009,9.006514793893908,3.5787777832259104,3.548821385709695
0.03486365227678084,10.947186814909184,3.582227666366819,3.545921321166264
0.04237587160604064,13.30602368429676,3.5870512427420898,3.5443443975430347
0.05150678076168122,16.173129159167903,3.5934228876395458,3.5428911344788765
0.06260516572014815,19.65802203612652,3.601492492216651,3.5414417765178596
0.07609496685459875,23.89381959234401,3.6113914212234355,3.5416456691898466
0.09249147277217336,29.042322450462436,3.623249522702163,3.5420202716525906
0.11242100350620862,35.30019510094951,3.6372227384609213,3.5426628252159733
0.13664483492953244,42.90647816787319,3.65352871077907,3.5437195692271315
0.1660882782627715,52.15171937451025,3.6724860814181848,3.545274746532824
0.2018760254679039,63.38907199692182,3.694552309684411,3.5471336654155605
0.24537511066398168,77.04778474849024,3.7203550399765133,3.5495974537659634
0.2982471286216888,93.64959838721028,3.7507134687877155,3.5540156917790293
0.36251170499885316,113.8286753696399,3.7866486949875906,3.5610750670180273
0.44062364277735727,138.35582383209018,3.829384988724818,3.5721356555350603
0.5355666917706896,168.16794121599654,3.880345710923463,3.5906269187303774
0.6509675230458164,204.40380223638635,3.941146082163925,3.620676181067321
0.7912342618981318,248.4475582360134,4.013578531748621,3.6646396549564852
0.9617248711152965,301.9816095302031,4.099575738845286,3.728541661668005
1.1689518164985777,367.0508703805534,4.201126266920771,3.8208792240734524
1.420830832533921,446.14088141565117,4.320115653881395,3.953116003058111
1.7269832906594325,542.2727532670618,4.458079443037667,4.140502556751515
2.0991037201085545,659.1185681140861,4.615885555133577,4.402132443406228
2.5514065200312874,801.1416472898243,4.793402838409783,4.761188121338347
3.1011689265747755,973.7670429444795,4.989242385691511,5.245503307312531
3.7693909753883634,1183.588766271946,5.200659382781841,5.820544425627861
4.581597669054491,1438.6216680831103,5.423668765186922,6.383431582967541
5.568813990945267,1748.6075931568137,5.653369302236649,7.13452261896594
6.768750009458527,2125.3875029699775,5.884412402550262,7.970964980546136
8.227241341700458,2583.3537812939435,6.111517253155555,7.972488504774442
10.0,3140.0,6.329932938428056,7.972488504774442
